doc,date
2010 National Security Strategy,2010-05-01
2011 International Strategy for Cyberspace,2011-05-01
2011 DoD Cyber Strategy,2011-07-01
2011 National Military Strategy,2011-02-01
2010 Quadrennial Defense Review,2010-02-01
2015 National Security Strategy,2015-02-01
2015 White House Report on Cyber Deterrence Policy,2015-12-01
2014 Quadrennial Defense Review,2014-03-01
2015 DoD Cyber Strategy,2015-04-01
2015 National Military Strategy,2015-06-01
2017 National Security Strategy,2017-12-01
2018 National Cyber Strategy,2018-09-01
2022 National Security Strategy,2022-10-01
2022 National Defense Strategy,2022-10-01
2022 National Military Strategy,2022-11-01
2023 DoD Cyber Strategy Summary,2023-05-01
2023 National Cybersecurity Strategy,2023-03-01
